keyword,length,word_count
"atencion al cliente amazon telefono",35,5
"atencion al cliente amazon telefono llamar",42,6
"atención al cliente amazon telefono gratuito",44,6
"cable telefono fijo",19,3
"cambiar telefono de mi cuenta",29,5
"funda telefono agua",19,3
"iman telefono coche",19,3
"mini telefono movil",19,3
"porta telefono para coche",25,4
"porta telefono para moto",24,4
"reloj telefono niños",20,3
"reloj telefono niños con gps y sim",34,7
"soporte de telefono para coche",30,5
"soporte telefono bicicleta",26,3
"soporte telefono coche",22,3
"soporte telefono ducha",22,3
"soporte telefono moto",21,3
"sujeta telefono coche",21,3
"tarjeta telefono prepago",24,3
"telefono",8,1
"telefono 12 ram 256gb",21,4
"telefono 128gb",14,2
"telefono 12gb de ram",20,4
"telefono 12gb de ram a14",24,5
"telefono 12gb de ram a34",24,5
"telefono 12gb de ram a54",24,5
"telefono 14",11,2
"telefono 16 gb ram",18,4
"telefono 16 pro max",19,4
"telefono 1tb",12,2
"telefono 2 sim",14,3
"telefono 200",12,2
"telefono 2000",13,2
"telefono 2025",13,2
"telefono 256",12,2
"telefono 256gb",14,2
"telefono 2g",11,2
"telefono 3 pulgadas",19,3
"telefono 300",12,2
"telefono 32gb ram",17,3
"telefono 3g",11,2
"telefono 3g sobremesa",21,3
"telefono 4",10,2
"telefono 4 pulgadas",19,3
"telefono 4+n universal",22,3
"telefono 4,5 pulgadas",21,3
"telefono 400",12,2
"telefono 4g",11,2
"telefono 4g barato",18,3
"telefono 4g niños",17,3
"telefono 4g para mayores",24,4
"telefono 4g teclas",18,3
"telefono 5",10,2
"telefono 5 pulgadas",19,3
"telefono 512 gb",15,3
"telefono 5g",11,2
"telefono 5g 128gb",17,3
"telefono 5g 128gb a 34",22,5
"telefono 5g 128gb a54",21,4
"telefono 5g mas barato",22,4
"telefono 5g pequeño",19,3
"telefono 5g samsung ia",22,4
"telefono 6 pulgadas",19,3
"telefono 6,1",12,2
"telefono 6.1 pulgadas",21,3
"telefono 600",12,2
"telefono 64gb",13,2
"telefono 64gb a 34",18,4
"telefono 64gb a14",17,3
"telefono 64gb ia",16,3
"telefono 64gb samsung ia",24,4
"telefono 7 pulgadas",19,3
"telefono 70",11,2
"telefono 8 256",14,3
"telefono 8 pulgadas",19,3
"telefono 8 ram",14,3
"telefono 8110",13,2
"telefono 8447",13,2
"telefono 8849",13,2
"telefono 8gb",12,2
"telefono 8gb 256 gb",19,4
"telefono 8gb ram",16,3
"telefono amazon",15,2
"telefono amazon gratuito",24,3
"telefono amazon para reclamaciones",34,4
"telefono android barato",23,3
"telefono antiguo vintage",24,3
"telefono atencion al cliente amazon",35,5
"telefono atención al cliente",28,4
"telefono atención al cliente amazon contactar por telefono",58,8
"telefono audiolibro boda",24,3
"telefono barato",15,2
"telefono barato y bueno",23,4
"telefono basico",15,2
"telefono basico con whatsapp",28,4
"telefono bebe",13,2
"telefono bebe 1 año",19,4
"telefono blackview",18,2
"telefono boda",13,2
"telefono bodas mensajes",23,3
"telefono casa",13,2
"telefono casa fijo",18,3
"telefono cat",12,2
"telefono caterpillar",20,2
"telefono con tapa",17,3
"telefono con tapa para mayores",30,5
"telefono contacto amazon atencion al cliente españa",51,7
"telefono de atencion al cliente amazon telefono gratis contactar",64,9
"telefono de contacto gratuito de amazon atención al cliente",59,9
"telefono doogee",15,2
"telefono ducha",14,2
"telefono ducha alta presion",27,4
"telefono ducha con manguera",27,4
"telefono duo",12,2
"telefono duo inalambrico casa",29,4
"telefono economico",18,2
"telefono educativo",18,2
"telefono emergencia",19,2
"telefono empresa",16,2
"telefono encriptado",19,2
"telefono energizer",18,2
"telefono escritorio",19,2
"telefono escritorio sim",23,3
"telefono ethernet",17,2
"telefono fijo con cable",23,4
"telefono fijo con sim",21,4
"telefono fijo inalambricos",26,3
"telefono fijo mayores",21,3
"telefono fijo para mayores",26,4
"telefono fijo sim",17,3
"telefono fijo sobremesa",23,3
"telefono fijo vintage",21,3
"telefono fixo sem fios",22,4
"telefono gaming",15,2
"telefono gente mayor",20,3
"telefono gigaset",16,2
"telefono gondola",16,2
"telefono google",15,2
"telefono google pixel",21,3
"telefono google pixel 9",23,4
"telefono google pixel 9 pro",27,5
"telefono grabadora boda",23,3
"telefono hammer",15,2
"telefono hammer 5g",18,3
"telefono harry potter",21,3
"telefono honor",14,2
"telefono honor 400",18,3
"telefono honor 400 lite",23,4
"telefono honor magic 7 lite",27,5
"telefono huawei nuevo 256gb",27,4
"telefono huawei p20",19,3
"telefono huawei plegable",24,3
"telefono inalambrico",20,2
"telefono inalambrico casa",25,3
"telefono inalambrico casa duo",29,4
"telefono inalambrico casa mayores",33,4
"telefono inalambrico casa trio",30,4
"telefono inalambrico duo",24,3
"telefono inalambrico panasonic",30,3
"telefono inalambrico personas mayores",37,4
"telefono iphone",15,2
"telefono irrompible",19,2
"telefono juguete",16,2
"telefono juguete 2 años",23,4
"telefono juguete 3 años",23,4
"telefono juguete 4 años",23,4
"telefono juguete bebe",21,3
"telefono juguete bebe 1 año",27,5
"telefono juguete niña",21,3
"telefono juguete niños",22,3
"telefono juguete rojo",21,3
"telefono juguete vtech",22,3
"telefono kaios",14,2
"telefono kgg",12,2
"telefono kindle",15,2
"telefono king kong",18,3
"telefono labios",15,2
"telefono lg",11,2
"telefono libre",14,2
"telefono libre barato",21,3
"telefono libre para mayores",27,4
"telefono libro de visitas",25,4
"telefono linea fija",19,3
"telefono llamadas",17,2
"telefono llamadas niños",23,3
"telefono movil",14,2
"telefono movil baratos",22,3
"telefono movil iphone",21,3
"telefono movil mayores",22,3
"telefono movil para mayores",27,4
"telefono movil samsung",22,3
"telefono movil samsung ofertas",30,4
"telefono movil xiaomi",21,3
"telefono niña",13,2
"telefono niños",14,2
"telefono niños gps",18,3
"telefono niños juguete",22,3
"telefono no smartphone",22,3
"telefono nokia",14,2
"telefono nokia antiguos",23,3
"telefono nokia basico",21,3
"telefono oferta flash",21,3
"telefono oficina",16,2
"telefono oficina inalambrico",28,3
"telefono olga",13,2
"telefono oneplus",16,2
"telefono oneplus nord 5",23,4
"telefono opo",12,2
"telefono oppo",13,2
"telefono oppo ofertas",21,3
"telefono oppo reno 13 pro 5g",28,6
"telefono para mayores",21,3
"telefono para niños",19,3
"telefono para personas mayores",30,4
"telefono personas mayores",25,3
"telefono plegable",17,2
"telefono poco",13,2
"telefono qin",12,2
"telefono qubo",13,2
"telefono qubo x-10bl 2,4 2g",27,5
"telefono que se abre",20,4
"telefono quejas amazon",22,3
"telefono qwerty",15,2
"telefono reacondicionado",24,2
"telefono realme",15,2
"telefono redmi",14,2
"telefono redmi note 14 pro",26,5
"telefono resistente",19,2
"telefono resistente agua y golpes",33,5
"telefono retro vintage",22,3
"telefono rojo",13,2
"telefono rosa",13,2
"telefono rugerizado 5g",22,3
"telefono samsung",16,2
"telefono samsung oferta",23,3
"telefono samsung s25 ultra",26,4
"telefono satelite",17,2
"telefono satelite libre",23,3
"telefono sim",12,2
"telefono sin internet",21,3
"telefono sin internet para niños",32,5
"telefono sobremesa",18,2
"telefono solo llamadas",22,3
"telefono spc para mayores",25,4
"telefono tapa",13,2
"telefono tapa para mayores",26,4
"telefono teclas",15,2
"telefono teclas grandes",23,3
"telefono teclas grandes para mayores",36,5
"telefono telefunken",19,2
"telefono tesla",14,2
"telefono tesla pi movil",23,4
"telefono tinta electronica",26,3
"telefono trabajo",16,2
"telefono ulefone",16,2
"telefono ulefone armor 34",25,4
"telefono ulefone armor 34 pro",29,5
"telefono ultra resistente",25,3
"telefono unicornio",18,2
"telefono unicornio juguete",26,3
"telefono universal tegui",24,3
"telefono uniwa",14,2
"telefono usb",12,2
"telefono via satelite",21,3
"telefono vintage decoracion",27,3
"telefono vintage fijo",21,3
"telefono vintage inalambrico",28,3
"telefono vivo",13,2
"telefono vivo v50 lite 5g",25,5
"telefono vivo x fold 3 pro",26,6
"telefono vivo x200 pro",22,4
"telefono voip fijo",18,3
"telefono voip inalambrico",25,3
"telefono walkie talkie",22,3
"telefono whatsapp",17,2
"telefono whatsapp mayores",25,3
"telefono wifi",13,2
"telefono wifi casa",18,3
"telefono wifi fijo",18,3
"telefono wifi inalambrico",25,3
"telefono wifi voip",18,3
"telefono windows",16,2
"telefono wuum",13,2
"telefono xiaomi 14 pro",22,4
"telefono xiaomi 14t pro",23,4
"telefono xiaomi 15",18,3
"telefono xiaomi 15 ultra",24,4
"telefono xiaomi 5g",18,3
"telefono xiaomi note 14 5g",26,5
"telefono xiaomi ofertas",23,3
"telefono xiaomi redmi note 14",29,5
"telefono xiaomi redmi note 14 pro",33,6
"telefono xiaomi redmi note 14 pro 5g",36,7
"telefono y fax",14,3
"telefono y reloj",16,3
"telefono yealink",16,2
"telefono yeemi",14,2
"telefono z flip 4",17,4
"telefono z flip 5",17,4
"telefono z flip 6",17,4
"telefono zello",14,2
"telefono zip",12,2
"telefono zoom optico",20,3
